name,free_energy
HNO3_aq,-29.7965
H2O_l,-14.22
H2_g,-6.7672
NH3_g,-19.3507
H+,-2.588359904
OH-,-10.7000521
NO3-,-26.2766
